{"cameraMode":{"drawMode":0,"name":"Shaded","section":"Shading Mode"},"sceneLighting":false,"audioPlay":false,"sceneViewState":{"showFog":true,"showMaterialUpdate":false,"showSkybox":false,"showFlares":true,"showImageEffects":true,"showParticleSystems":true},"in2DMode":false,"pivot":{"x":1.7881393432617188e-7,"y":0.6182349920272827,"z":-0.04200398921966553},"rotation":{"x":-0.16598299145698548,"y":0.7402516603469849,"z":-0.6207390427589417,"w":-0.1979374885559082},"size":1.232153296470642,"orthographic":true}