{"cameraMode":{"drawMode":0,"name":"Shaded","section":"Shading Mode"},"sceneLighting":false,"audioPlay":false,"sceneViewState":{"showFog":true,"showMaterialUpdate":false,"showSkybox":false,"showFlares":true,"showImageEffects":true,"showParticleSystems":true},"in2DMode":false,"pivot":{"x":-1.4901161193847657e-8,"y":0.15519362688064576,"z":-2.60770320892334e-8},"rotation":{"x":0.17435665428638459,"y":0.20742875337600709,"z":-0.03760121017694473,"w":0.9618566632270813},"size":1.6945420503616334,"orthographic":true}