{"cameraMode":{"drawMode":0,"name":"Shaded","section":"Shading Mode"},"sceneLighting":true,"audioPlay":false,"sceneViewState":{"showFog":true,"showMaterialUpdate":false,"showSkybox":true,"showFlares":true,"showImageEffects":true,"showParticleSystems":true},"in2DMode":false,"pivot":{"x":-12.430000305175782,"y":3.2699999809265138,"z":5.860000133514404},"rotation":{"x":-0.03651595860719681,"y":0.3311854600906372,"z":-0.012817880138754845,"w":-0.9427845478057861},"size":22.0,"orthographic":true}