{"cameraMode":{"drawMode":0,"name":"Shaded","section":"Shading Mode"},"sceneLighting":true,"audioPlay":false,"sceneViewState":{"showFog":true,"showMaterialUpdate":false,"showSkybox":true,"showFlares":true,"showImageEffects":true,"showParticleSystems":true},"in2DMode":false,"pivot":{"x":-14.173691749572754,"y":3.801347255706787,"z":26.365659713745118},"rotation":{"x":-0.13229040801525117,"y":-0.4899757504463196,"z":0.07552777975797653,"w":-0.8583573698997498},"size":17.710874557495118,"orthographic":true}