{"cameraMode":{"drawMode":0,"name":"Shaded","section":"Shading Mode"},"sceneLighting":false,"audioPlay":false,"sceneViewState":{"showFog":true,"showMaterialUpdate":false,"showSkybox":false,"showFlares":true,"showImageEffects":true,"showParticleSystems":true},"in2DMode":false,"pivot":{"x":-0.24034318327903748,"y":0.5621993541717529,"z":0.0008088827598839998},"rotation":{"x":0.46298500895500185,"y":-0.3953114449977875,"z":0.24226628243923188,"w":0.755441427230835},"size":2.3057572841644289,"orthographic":true}