{"cameraMode":{"drawMode":0,"name":"Shaded","section":"Shading Mode"},"sceneLighting":false,"audioPlay":false,"sceneViewState":{"showFog":true,"showMaterialUpdate":false,"showSkybox":false,"showFlares":true,"showImageEffects":true,"showParticleSystems":true},"in2DMode":false,"pivot":{"x":1.7881393432617188e-7,"y":0.6182349920272827,"z":-0.04200398921966553},"rotation":{"x":-0.15266942977905274,"y":0.023139070719480516,"z":-0.0035733766853809358,"w":-0.9880087375640869},"size":2.597486734390259,"orthographic":true}