{"cameraMode":{"drawMode":0,"name":"Shaded","section":"Shading Mode"},"sceneLighting":true,"audioPlay":false,"sceneViewState":{"showFog":true,"showMaterialUpdate":false,"showSkybox":true,"showFlares":true,"showImageEffects":true,"showParticleSystems":true},"in2DMode":false,"pivot":{"x":-14.740287780761719,"y":11.373846054077149,"z":35.60908126831055},"rotation":{"x":0.28697922825813296,"y":0.6407331824302673,"z":-0.28101998567581179,"w":0.6543285846710205},"size":6.75338888168335,"orthographic":true}