{"cameraMode":{"drawMode":0,"name":"Shaded","section":"Shading Mode"},"sceneLighting":false,"audioPlay":false,"sceneViewState":{"showFog":true,"showMaterialUpdate":false,"showSkybox":false,"showFlares":true,"showImageEffects":true,"showParticleSystems":true},"in2DMode":false,"pivot":{"x":0.02832186222076416,"y":0.10185852646827698,"z":0.000014185905456542969},"rotation":{"x":0.14181023836135865,"y":0.8012548089027405,"z":-0.20957203209400178,"w":0.5421834588050842},"size":2.3134453296661379,"orthographic":true}