{"cameraMode":{"drawMode":0,"name":"Shaded","section":"Shading Mode"},"sceneLighting":true,"audioPlay":false,"sceneViewState":{"showFog":true,"showMaterialUpdate":false,"showSkybox":true,"showFlares":true,"showImageEffects":true,"showParticleSystems":true},"in2DMode":false,"pivot":{"x":-12.430000305175782,"y":2.0000009536743166,"z":6.310000419616699},"rotation":{"x":-0.4617695212364197,"y":0.12562407553195954,"z":-0.06625591963529587,"w":-0.8755660057067871},"size":2.712580680847168,"orthographic":true}