{"cameraMode":{"drawMode":0,"name":"Shaded","section":"Shading Mode"},"sceneLighting":true,"audioPlay":false,"sceneViewState":{"showFog":true,"showMaterialUpdate":false,"showSkybox":true,"showFlares":true,"showImageEffects":true,"showParticleSystems":true},"in2DMode":false,"pivot":{"x":-12.351678848266602,"y":2.8918585777282717,"z":7.49001407623291},"rotation":{"x":0.030050721019506456,"y":0.5773037672042847,"z":-0.021268025040626527,"w":0.8156999945640564},"size":3.2774009704589845,"orthographic":true}