{"cameraMode":{"drawMode":0,"name":"Shaded","section":"Shading Mode"},"sceneLighting":true,"audioPlay":false,"sceneViewState":{"showFog":true,"showMaterialUpdate":false,"showSkybox":true,"showFlares":true,"showImageEffects":true,"showParticleSystems":true},"in2DMode":false,"pivot":{"x":97.79814147949219,"y":50.34490203857422,"z":-99.02558135986328},"rotation":{"x":0.1342553347349167,"y":-0.4068523943424225,"z":0.06057601049542427,"w":0.9015617370605469},"size":18.67558479309082,"orthographic":true}