{"cameraMode":{"drawMode":0,"name":"Shaded","section":"Shading Mode"},"sceneLighting":false,"audioPlay":false,"sceneViewState":{"showFog":true,"showMaterialUpdate":false,"showSkybox":false,"showFlares":true,"showImageEffects":true,"showParticleSystems":true},"in2DMode":false,"pivot":{"x":-0.0006526410579681397,"y":0.5783830285072327,"z":0.0},"rotation":{"x":0.20732584595680238,"y":0.38200414180755618,"z":-0.08836585283279419,"w":0.8962650299072266},"size":3.978837728500366,"orthographic":true}