{"cameraMode":{"drawMode":0,"name":"Shaded","section":"Shading Mode"},"sceneLighting":false,"audioPlay":false,"sceneViewState":{"showFog":true,"showMaterialUpdate":false,"showSkybox":false,"showFlares":true,"showImageEffects":true,"showParticleSystems":true},"in2DMode":false,"pivot":{"x":7.078051567077637e-7,"y":0.470121294260025,"z":0.0021044760942459108},"rotation":{"x":-0.03651595860719681,"y":0.3311854600906372,"z":-0.012817880138754845,"w":-0.9427845478057861},"size":2.914612054824829,"orthographic":true}