{"cameraMode":{"drawMode":0,"name":"Shaded","section":"Shading Mode"},"sceneLighting":false,"audioPlay":false,"sceneViewState":{"showFog":true,"showMaterialUpdate":false,"showSkybox":false,"showFlares":true,"showImageEffects":true,"showParticleSystems":true},"in2DMode":false,"pivot":{"x":1.1175870895385743e-8,"y":0.130928635597229,"z":0.0},"rotation":{"x":0.17435665428638459,"y":0.20742875337600709,"z":-0.03760121017694473,"w":0.9618566632270813},"size":0.6370247006416321,"orthographic":true}