{"cameraMode":{"drawMode":0,"name":"Shaded","section":"Shading Mode"},"sceneLighting":true,"audioPlay":false,"sceneViewState":{"showFog":true,"showMaterialUpdate":false,"showSkybox":true,"showFlares":true,"showImageEffects":true,"showParticleSystems":true},"in2DMode":false,"pivot":{"x":-12.79129409790039,"y":5.5496439933776859,"z":2.162990093231201},"rotation":{"x":0.3397579789161682,"y":-0.057243384420871738,"z":0.02071535959839821,"w":0.9385605454444885},"size":1.7096030712127686,"orthographic":true}