{"cameraMode":{"drawMode":0,"name":"Shaded","section":"Shading Mode"},"sceneLighting":true,"audioPlay":false,"sceneViewState":{"showFog":true,"showMaterialUpdate":false,"showSkybox":true,"showFlares":true,"showImageEffects":true,"showParticleSystems":true},"in2DMode":false,"pivot":{"x":-1.5789633989334107,"y":-1.9783731698989869,"z":-36.75740051269531},"rotation":{"x":0.19499535858631135,"y":0.7387399673461914,"z":-0.240669384598732,"w":0.5986295342445374},"size":16.22569465637207,"orthographic":true}