{"cameraMode":{"drawMode":0,"name":"Shaded","section":"Shading Mode"},"sceneLighting":false,"audioPlay":false,"sceneViewState":{"showFog":true,"showMaterialUpdate":false,"showSkybox":false,"showFlares":true,"showImageEffects":true,"showParticleSystems":true},"in2DMode":false,"pivot":{"x":2.5331974029541018e-7,"y":0.31410282850265505,"z":0.012538701295852661},"rotation":{"x":-0.03651595860719681,"y":0.3311854600906372,"z":-0.012817880138754845,"w":-0.9427845478057861},"size":1.4528664350509644,"orthographic":true}