{"cameraMode":{"drawMode":0,"name":"Shaded","section":"Shading Mode"},"sceneLighting":false,"audioPlay":false,"sceneViewState":{"showFog":true,"showMaterialUpdate":false,"showSkybox":false,"showFlares":true,"showImageEffects":true,"showParticleSystems":true},"in2DMode":false,"pivot":{"x":0.0,"y":0.24666337668895722,"z":0.0018294304609298707},"rotation":{"x":-0.03651595860719681,"y":0.3311854600906372,"z":-0.012817880138754845,"w":-0.9427845478057861},"size":0.9895422458648682,"orthographic":true}