{"cameraMode":{"drawMode":0,"name":"Shaded","section":"Shading Mode"},"sceneLighting":true,"audioPlay":false,"sceneViewState":{"showFog":true,"showMaterialUpdate":false,"showSkybox":true,"showFlares":true,"showImageEffects":true,"showParticleSystems":true},"in2DMode":false,"pivot":{"x":-22.988920211791993,"y":-3.5429625511169435,"z":-28.00078773498535},"rotation":{"x":0.2852005362510681,"y":-0.2936769425868988,"z":0.09227174520492554,"w":0.9077391624450684},"size":41.2616081237793,"orthographic":true}