{"cameraMode":{"drawMode":0,"name":"Shaded","section":"Shading Mode"},"sceneLighting":true,"audioPlay":false,"sceneViewState":{"showFog":true,"showMaterialUpdate":false,"showSkybox":true,"showFlares":true,"showImageEffects":true,"showParticleSystems":true},"in2DMode":false,"pivot":{"x":-12.380000114440918,"y":2.7303872108459474,"z":7.489999771118164},"rotation":{"x":0.0757046714425087,"y":0.9224978089332581,"z":-0.23597340285778047,"w":0.2960200309753418},"size":1.2906670570373536,"orthographic":true}