{"cameraMode":{"drawMode":0,"name":"Shaded","section":"Shading Mode"},"sceneLighting":false,"audioPlay":false,"sceneViewState":{"showFog":true,"showMaterialUpdate":false,"showSkybox":false,"showFlares":true,"showImageEffects":true,"showParticleSystems":true},"in2DMode":false,"pivot":{"x":1.7881393432617188e-7,"y":0.6182349920272827,"z":-0.04200398921966553},"rotation":{"x":-0.01978423446416855,"y":0.9656404256820679,"z":-0.24740152060985566,"w":-0.07720247656106949},"size":1.4948369264602662,"orthographic":true}